

-- Service fulfillment Configurations

INSERT INTO `service_fulfillment_uat`.`mst_stage_def` (`key`, `name`, `customer_view`, `sequence`) VALUES ('service_provision_stage', 'Service Provision', 'Y', '3');
INSERT INTO `service_fulfillment_uat`.`mst_stage_def` (`key`, `name`, `customer_view`, `sequence`) VALUES ('service_acceptance_stage', 'Service Acceptance', 'Y', '4');
INSERT INTO `service_fulfillment_uat`.`mst_stage_def` (`key`, `name`, `customer_view`, `sequence`) VALUES ('billing_stage', 'Billing Start', 'Y', '5');

INSERT INTO `service_fulfillment_uat`.`mst_process_def` (`key`, `name`, `stage_def_key`, `code`, `sequence`, `customer_view`) VALUES ('service_provision_process', 'Service Provision', 'service_provision_stage', 'SERPRO', '3', 'N');
INSERT INTO `service_fulfillment_uat`.`mst_process_def` (`key`, `name`, `stage_def_key`, `code`, `sequence`, `customer_view`) VALUES ('service_acceptance_process', 'Service Acceptance', 'service_acceptance_stage', 'SERACC', '4', 'N');
INSERT INTO `service_fulfillment_uat`.`mst_process_def` (`key`, `name`, `stage_def_key`, `code`, `sequence`, `customer_view`) VALUES ('billing_process', 'Billing Start', 'billing_stage', 'BILLING', '5', 'N');

INSERT INTO `service_fulfillment_uat`.`mst_activity_def` (`key`, `name`, `process_def_key`, `customer_view`, `sequence`) VALUES ('service_provision_activity', 'Service Provision', 'service_provision_process', 'N', '0');
INSERT INTO `service_fulfillment_uat`.`mst_activity_def` (`key`, `name`, `process_def_key`, `customer_view`, `sequence`) VALUES ('service_acceptance_activity', 'Service Acceptance', 'service_acceptance_process', 'N', '0');
INSERT INTO `service_fulfillment_uat`.`mst_activity_def` (`key`, `name`, `process_def_key`, `customer_view`, `sequence`) VALUES ('billing_activity', 'Billing Start', 'billing_process', 'N', '0');

INSERT INTO `service_fulfillment_uat`.`mst_task_def` (`key`, `name`, `activity_def_key`, `tat`, `assigned_group`, `is_customer_task`, `is_manual_task`, `is_dependent_task`, `dynamic_assignment`) VALUES ('vm_provisioning', 'VM Provisioning', 'service_provision_activity', '240', 'SYSTEM', 'N', 'N', 'N', 'N');
INSERT INTO `service_fulfillment_uat`.`mst_task_def` (`key`, `name`, `activity_def_key`, `tat`, `assigned_group`, `is_customer_task`, `is_manual_task`, `is_dependent_task`, `dynamic_assignment`) VALUES ('bandwidth_allocation', 'Bandwidth or Data Transfer Allocation', 'service_provision_activity', '240', 'SYSTEM', 'N', 'N', 'N', 'N');
INSERT INTO `service_fulfillment_uat`.`mst_task_def` (`key`, `name`, `activity_def_key`, `tat`, `assigned_group`, `is_customer_task`, `is_manual_task`, `is_dependent_task`, `dynamic_assignment`) VALUES ('ips_allocation', 'IPs(Default and Additional) allocation', 'service_provision_activity', '240', 'SYSTEM', 'N', 'N', 'N', 'N');
INSERT INTO `service_fulfillment_uat`.`mst_task_def` (`key`, `name`, `activity_def_key`, `tat`, `assigned_group`, `is_customer_task`, `is_manual_task`, `is_dependent_task`, `dynamic_assignment`) VALUES ('backup_allocation', 'Back Up allocation', 'service_provision_activity', '240', 'SYSTEM', 'N', 'N', 'N', 'N');
INSERT INTO `service_fulfillment_uat`.`mst_task_def` (`key`, `name`, `activity_def_key`, `tat`, `assigned_group`, `is_customer_task`, `is_manual_task`, `is_dependent_task`, `dynamic_assignment`) VALUES ('vpn_connection_status', 'VPN Connection Status (Default and Additional both Client to Site and Site to Site)', 'service_provision_activity', '240', 'SYSTEM', 'N', 'N', 'N', 'N');
-- INSERT INTO `service_fulfillment_uat`.`mst_task_def` (`key`, `name`, `activity_def_key`, `tat`, `assigned_group`, `is_customer_task`, `is_manual_task`, `title`, `button_label`, `is_dependent_task`, `dynamic_assignment`) VALUES ('service_auto_accepted_demo', 'Service Auto accepted - Demo', 'service_acceptance_activity', '480', 'customer', 'Y', 'Y', 'Service Auto accepted - Demo', 'View', 'N', 'N');
INSERT INTO `service_fulfillment_uat`.`mst_task_def` (`key`, `name`, `activity_def_key`, `tat`, `assigned_group`, `is_customer_task`, `is_manual_task`, `title`, `button_label`, `is_dependent_task`, `dynamic_assignment`) VALUES ('service_acceptance', 'Service Acceptance', 'service_acceptance_activity', '480', 'customer', 'Y', 'Y', 'Service Acceptance', 'View', 'N', 'N');
INSERT INTO `service_fulfillment_uat`.`mst_task_def` (`key`, `name`, `activity_def_key`, `tat`, `assigned_group`, `is_customer_task`, `is_manual_task`, `is_dependent_task`, `dynamic_assignment`) VALUES ('trigger_ipc_o2c', 'Trigger IPC O2C', 'service_provision_activity', '10', 'SYSTEM', 'N', 'N', 'N', 'N');
INSERT INTO `service_fulfillment_uat`.`mst_task_def` (`key`, `name`, `activity_def_key`, `tat`, `assigned_group`, `is_customer_task`, `is_manual_task`, `title`, `button_label`, `is_dependent_task`, `dynamic_assignment`) VALUES ('service_issue', 'Service Issue', 'service_acceptance_activity', '480', 'pilot', 'Y', 'Y', 'Service Acceptance', 'View', 'N', 'N'); 

INSERT INTO `service_fulfillment_uat`.`mst_task_def` (`key`, `name`, `activity_def_key`, `tat`, `owner_group`, `assigned_group`, `is_customer_task`, `is_manual_task`, `is_dependent_task`, `dynamic_assignment`) VALUES ('billing_account_creation', 'Account Creation call to WPS', 'billing_activity', '30', 'Billing', 'SYSTEM', 'N', 'N', 'N', 'N');
INSERT INTO `service_fulfillment_uat`.`mst_task_def` (`key`, `name`, `activity_def_key`, `tat`, `owner_group`, `assigned_group`, `is_customer_task`, `is_manual_task`, `is_dependent_task`, `dynamic_assignment`) VALUES ('billing_account_creation_async', 'Account Creation Async response from WPS', 'billing_activity', '30', 'Billing', 'SYSTEM', 'N', 'N', 'N', 'N');
INSERT INTO `service_fulfillment_uat`.`mst_task_def` (`key`, `name`, `activity_def_key`, `tat`, `wait_time`, `owner_group`, `assigned_group`, `is_customer_task`, `is_manual_task`, `is_dependent_task`, `dynamic_assignment`) VALUES ('billing_account_creation_jeopardy', 'Account Creation Jeopardy', 'billing_activity', '60', '', 'Billing', 'Billing', 'N', 'Y', 'N', 'N');
INSERT INTO `service_fulfillment_uat`.`mst_task_def` (`key`, `name`, `activity_def_key`, `tat`, `wait_time`, `owner_group`, `assigned_group`, `is_customer_task`, `is_manual_task`, `is_dependent_task`, `dynamic_assignment`) VALUES ('product_commissioning', 'Product Commissioning API call to WPS', 'billing_activity', '30', '', 'Billing', 'SYSTEM', 'N', 'N', 'N', 'N');
INSERT INTO `service_fulfillment_uat`.`mst_task_def` (`key`, `name`, `activity_def_key`, `tat`, `wait_time`, `owner_group`, `assigned_group`, `is_customer_task`, `is_manual_task`, `is_dependent_task`, `dynamic_assignment`) VALUES ('product_commissioning_async', 'Product Commissioning  Async response from WPS', 'billing_activity', '30', '', 'Billing', 'SYSTEM', 'N', 'N', 'N', 'N');
INSERT INTO `service_fulfillment_uat`.`mst_task_def` (`key`, `name`, `activity_def_key`, `tat`, `wait_time`, `owner_group`, `assigned_group`, `is_customer_task`, `is_manual_task`, `is_dependent_task`, `dynamic_assignment`) VALUES ('product_commissioning_jeopardy', 'Product Commissioning Jeopardy', 'billing_activity', '60', '', 'Billing', 'Billing', 'N', 'Y', 'N', 'N');
INSERT INTO `service_fulfillment_uat`.`mst_task_def` (`key`, `name`, `activity_def_key`, `tat`, `wait_time`, `owner_group`, `assigned_group`, `is_customer_task`, `is_manual_task`, `is_dependent_task`, `dynamic_assignment`) VALUES ('generate_billing_invoice', 'Generate Invoice call to WQMS', 'billing_activity', '30', '', 'Billing', 'SYSTEM', 'N', 'N', 'N', 'N');
INSERT INTO `service_fulfillment_uat`.`mst_task_def` (`key`, `name`, `activity_def_key`, `tat`, `wait_time`, `owner_group`, `assigned_group`, `is_customer_task`, `is_manual_task`, `is_dependent_task`, `dynamic_assignment`) VALUES ('generate_billing_invoice_jeopardy', 'Product Commissioning Jeopardy', 'billing_activity', '60', '', 'Billing', 'Billing', 'N', 'Y', 'N', 'N');

INSERT INTO `oms_uat`.`user` (`id`, `user_type`, `username`, `email_id`, `first_name`, `last_name`, `contact_no`, `status`, `force_change_password`, `is_otp_enabled`, `is_gen_terms_approved`) VALUES ('886', 'sales', 'pilot_user@legomail.com', 'pilot_user@legomail.com', 'pilot team', 'user', '8056244436', '1', '0', '0', '0');
INSERT INTO `oms_uat`.`mst_user_groups` (`id`, `group_name`, `status`) VALUES ('14', 'pilot', '1');
INSERT INTO `oms_uat`.`user_to_user_groups` (`user_group_id`, `username`, `user_id`) VALUES ('14', 'pilot_user@legomail.com', '886');
